"numCells_cat","mean_expression","median_expression","myGene"
">11",29.4271186440678,23.5,"Egr2"
"0",21.0161368015414,15,"Egr2"
"1",24.6083333333333,17,"Egr2"
"2-4",26.4587155963303,20,"Egr2"
"5-10",24.8812785388128,20,"Egr2"
