"numCells_cat","mean_expression","median_expression","myGene"
">11",24.7394957983193,22,"Egr2"
"0",19.0115085536547,14,"Egr2"
"1",20.5222222222222,17,"Egr2"
"2-4",24.5635359116022,19,"Egr2"
"5-10",26.1588235294118,21,"Egr2"
