"numCells_cat","mean_expression","median_expression","myGene"
">11",27.3809523809524,24,"Egr2"
"0",19.3812972292191,15,"Egr2"
"1",21.7362637362637,16,"Egr2"
"2-4",22.2849462365591,20,"Egr2"
"5-10",23.7593582887701,20,"Egr2"
