"num_selected","num_not","rep","gene","fraction_selected","fraction_not"
674,3176,1,"Egr2",0.175064935064935,0.824935064935065
1475,4152,2,"Egr2",0.262129020792607,0.737870979207393
560,3215,3,"Egr2",0.148344370860927,0.851655629139073
