"","probability","distance"
"95",0.649111450036717,10
"190",0.586371791725444,20
"285",0.569200909017677,30
"380",0.563742999109557,40
"475",0.560499282295488,50
"950",0.551987760025974,100
"1425",0.547915750257592,150
"1900",0.545493537603339,200
"4750",0.538333527166503,500
"9500",0.528231870684981,1000
"14250",0.511421872497133,1500
