"","probability","distance"
"95",0.509466416638254,10
"190",0.51410811213513,20
"285",0.507737873924066,30
"380",0.506772424030363,40
"475",0.508812426176705,50
"950",0.50866406879445,100
"1425",0.50869640080582,150
"1900",0.509707891550585,200
"4750",0.508624361996552,500
"9500",0.507087515856556,1000
"14250",0.508258732341714,1500
