"","probability","distance"
"95",0.572479568681647,10
"190",0.489275360401188,20
"285",0.468763722868457,30
"380",0.463542114507919,40
"475",0.457346038565632,50
"950",0.44708463196467,100
"1425",0.443076608729278,150
"1900",0.44030948894424,200
"4750",0.424273820395024,500
"9500",0.410172224482571,1000
"14250",0.399251675032329,1500
