"","probability","distance"
"95",0.427458288959886,10
"190",0.41981875377106,20
"285",0.421035349066666,30
"380",0.424347100523131,40
"475",0.424473209080069,50
"950",0.425214777608161,100
"1425",0.425344192537545,150
"1900",0.425313592964016,200
"4750",0.425431715382625,500
"9500",0.425187461090185,1000
"14250",0.424455005335,1500
