"","probability","distance"
"95",0.388929351784414,10
"190",0.395532972196105,20
"285",0.398791210735249,30
"380",0.398884687473538,40
"475",0.400056934350185,50
"950",0.399590138661434,100
"1425",0.398862947441532,150
"1900",0.398425760249688,200
"4750",0.399338534193093,500
"9500",0.398664318455725,1000
"14250",0.39800917025631,1500
