"","probability","distance"
"95",0.604712643678161,10
"190",0.516161644992814,20
"285",0.496475883295061,30
"380",0.490748867887311,40
"475",0.486642276859889,50
"950",0.474383009571928,100
"1425",0.470255483944824,150
"1900",0.46774046847122,200
"4750",0.451950193180306,500
"9500",0.434804929058775,1000
"14250",0.425108695377658,1500
